"Login","Etat","Langue","Personne->Prénom","Personne->Nom","Personne->Nom organisation","Validité du mot de passe","Profiles","Mot de passe"
"persona","Actif","FR FR","Person","A","Company A","Permanente","profileid->name:Administrator","persona"
"personb","Actif","FR FR","Person","B","Company A","Permanente","profileid->name:Administrator","personb"
"personc","Actif","FR FR","Person","C","Company A","Permanente","profileid->name:Administrator","personc"
"persond","Actif","FR FR","Person","D","Company A","Permanente","profileid->name:Administrator","persond"
"persone","Actif","FR FR","Person","E","Company A","Permanente","profileid->name:Administrator","persone"
"personf","Actif","FR FR","Person","F","Company A","Permanente","profileid->name:Administrator","personf"
"persong","Actif","FR FR","Person","G","Company A","Permanente","profileid->name:Administrator","persong"
"personh","Actif","FR FR","Person","H","Company B","Permanente","profileid->name:Portal user","personh"
"personi","Actif","FR FR","Person","I","Company B","Permanente","profileid->name:Portal user","personi"
"personj","Actif","FR FR","Person","J","Company B","Permanente","profileid->name:Portal user","personj"
"personk","Actif","FR FR","Person","K","Company B","Permanente","profileid->name:Portal user","personk"
"personm","Actif","FR FR","Person","M","Company B","Permanente","profileid->name:Portal user","personm"
"personn","Actif","FR FR","Person","N","Company B","Permanente","profileid->name:Portal user","personn"
